"","Descrição","Estado Civil","Grau de Instrução","Número de Filhos","Salário","Ano","Mês","Região"
"1","Média",1.55555555555556,1.83333333333333,1.08333333333333,11.1222222222222,34.5833333333333,6.08333333333333,2.02777777777778
"2","Max",2,3,5,23.3,48,11,3
"3","Min",1,1,0,4,20,0,1
"4","Moda",2,2,0,4,26,7,3
"5","Mediana",2,2,1,10.165,34.5,6.5,2
"6","Variância",0.253968253968254,0.485714285714286,1.62142857142857,21.0447663492063,45.3928571428571,8.19285714285714,0.713492063492064
"7","Desvio Padrão",0.50395263067897,0.69693205243717,1.27335327832796,4.58745750380386,6.73742214373251,2.86231674397806,0.844684594089453
